{"cameraMode":{"drawMode":0,"name":"Shaded","section":"Shading Mode"},"sceneLighting":false,"audioPlay":false,"sceneViewState":{"m_AlwaysRefresh":false,"showFog":false,"showSkybox":false,"showFlares":false,"showImageEffects":false,"showParticleSystems":false,"showVisualEffectGraphs":true,"m_FxEnabled":true},"in2DMode":false,"pivot":{"x":-0.8072741627693176,"y":1.4319851398468018,"z":-0.1984831690788269},"rotation":{"x":-0.0009951749816536904,"y":0.9953643083572388,"z":-0.00954896304756403,"w":-0.09689987450838089},"size":1.3854261636734009,"orthographic":false}