{"cameraMode":{"drawMode":0,"name":"Shaded","section":"Shading Mode"},"sceneLighting":false,"audioPlay":false,"sceneViewState":{"m_AlwaysRefresh":false,"showFog":false,"showSkybox":false,"showFlares":false,"showImageEffects":false,"showParticleSystems":false,"showVisualEffectGraphs":true,"m_FxEnabled":true},"in2DMode":false,"pivot":{"x":-0.16845667362213136,"y":1.11073899269104,"z":1.8302748203277588},"rotation":{"x":0.000607829075306654,"y":0.9975031614303589,"z":-0.008679249323904515,"w":0.07044091075658798},"size":1.5023093223571778,"orthographic":true}