{"cameraMode":{"drawMode":0,"name":"Shaded","section":"Shading Mode"},"sceneLighting":false,"audioPlay":false,"sceneViewState":{"m_AlwaysRefresh":false,"showFog":false,"showSkybox":false,"showFlares":false,"showImageEffects":false,"showParticleSystems":false,"showVisualEffectGraphs":true,"m_FxEnabled":true},"in2DMode":false,"pivot":{"x":0.0012275278568267823,"y":0.8485327959060669,"z":0.11311271786689758},"rotation":{"x":-0.042079757899045947,"y":0.9571352005004883,"z":-0.221786230802536,"w":-0.18159526586532594},"size":1.088484525680542,"orthographic":true}