{"cameraMode":{"drawMode":0,"name":"Shaded","section":"Shading Mode"},"sceneLighting":true,"audioPlay":false,"sceneViewState":{"m_AlwaysRefresh":false,"showFog":true,"showSkybox":false,"showFlares":true,"showImageEffects":true,"showParticleSystems":true,"showVisualEffectGraphs":true,"m_FxEnabled":true},"in2DMode":false,"pivot":{"x":79.61974334716797,"y":241.06210327148438,"z":126.54878997802735},"rotation":{"x":-0.008620873093605042,"y":-0.7991086840629578,"z":0.6012084484100342,"w":-0.011735698208212853},"size":23.606027603149415,"orthographic":false}