{"cameraMode":{"drawMode":0,"name":"Shaded","section":"Shading Mode"},"sceneLighting":false,"audioPlay":false,"sceneViewState":{"m_AlwaysRefresh":false,"showFog":true,"showSkybox":false,"showFlares":true,"showImageEffects":true,"showParticleSystems":true,"showVisualEffectGraphs":true,"m_FxEnabled":true},"in2DMode":false,"pivot":{"x":-156.55242919921876,"y":-29.31743621826172,"z":38.27075958251953},"rotation":{"x":0.004367833491414785,"y":0.9875038862228394,"z":-0.027857309207320215,"w":0.15531204640865327},"size":1.370936632156372,"orthographic":true}