{"cameraMode":{"drawMode":0,"name":"Shaded","section":"Shading Mode"},"sceneLighting":false,"audioPlay":false,"sceneViewState":{"m_AlwaysRefresh":false,"showFog":true,"showSkybox":false,"showFlares":true,"showImageEffects":true,"showParticleSystems":true,"showVisualEffectGraphs":true,"m_FxEnabled":true},"in2DMode":false,"pivot":{"x":-1.0197306871414185,"y":0.41007837653160097,"z":0.704240620136261},"rotation":{"x":0.04876201972365379,"y":0.7613608837127686,"z":-0.057688985019922259,"w":0.6440983414649963},"size":1.0451935529708863,"orthographic":false}