{"cameraMode":{"drawMode":0,"name":"Shaded","section":"Shading Mode"},"sceneLighting":false,"audioPlay":false,"sceneViewState":{"m_AlwaysRefresh":false,"showFog":false,"showSkybox":false,"showFlares":false,"showImageEffects":false,"showParticleSystems":false,"showVisualEffectGraphs":true,"m_FxEnabled":true},"in2DMode":false,"pivot":{"x":0.01080787181854248,"y":0.8669097423553467,"z":0.043567121028900149},"rotation":{"x":0.0003159005718771368,"y":0.9971877932548523,"z":-0.004188318271189928,"w":0.07493029534816742},"size":1.059881567955017,"orthographic":true}