{"cameraMode":{"drawMode":0,"name":"Shaded","section":"Shading Mode"},"sceneLighting":false,"audioPlay":false,"sceneViewState":{"m_AlwaysRefresh":false,"showFog":true,"showSkybox":false,"showFlares":true,"showImageEffects":true,"showParticleSystems":true,"showVisualEffectGraphs":true,"m_FxEnabled":true},"in2DMode":false,"pivot":{"x":-158.57254028320313,"y":-28.495832443237306,"z":39.42567443847656},"rotation":{"x":0.08548392355442047,"y":0.7849509716033936,"z":-0.11117952316999436,"w":0.6035629510879517},"size":0.18085049092769624,"orthographic":false}