{"cameraMode":{"drawMode":0,"name":"Shaded","section":"Shading Mode"},"sceneLighting":false,"audioPlay":false,"sceneViewState":{"m_AlwaysRefresh":false,"showFog":true,"showSkybox":false,"showFlares":true,"showImageEffects":true,"showParticleSystems":true,"showVisualEffectGraphs":true,"m_FxEnabled":true},"in2DMode":false,"pivot":{"x":968.4588623046875,"y":545.7026977539063,"z":13.876908302307129},"rotation":{"x":0.03728695586323738,"y":-0.9575361609458923,"z":-0.24958190321922303,"w":-0.14233294129371644},"size":32.644859313964847,"orthographic":false}