{"cameraMode":{"drawMode":0,"name":"Shaded","section":"Shading Mode"},"sceneLighting":false,"audioPlay":false,"sceneViewState":{"m_AlwaysRefresh":false,"showFog":false,"showSkybox":false,"showFlares":false,"showImageEffects":false,"showParticleSystems":false,"showVisualEffectGraphs":true,"m_FxEnabled":true},"in2DMode":false,"pivot":{"x":0.070376455783844,"y":1.0194764137268067,"z":0.029085516929626466},"rotation":{"x":-0.0019811198581010105,"y":0.9946662187576294,"z":-0.10150807350873947,"w":-0.019397785887122155},"size":1.602759599685669,"orthographic":true}