{"cameraMode":{"drawMode":0,"name":"Shaded","section":"Shading Mode"},"sceneLighting":false,"audioPlay":false,"sceneViewState":{"m_AlwaysRefresh":false,"showFog":true,"showSkybox":false,"showFlares":true,"showImageEffects":true,"showParticleSystems":true,"showVisualEffectGraphs":true,"m_FxEnabled":true},"in2DMode":false,"pivot":{"x":-0.18479777872562409,"y":-0.2130647897720337,"z":0.2335432767868042},"rotation":{"x":0.0015239376807585359,"y":0.9712907075881958,"z":-0.23830819129943849,"w":0.006273702718317509},"size":0.3846968412399292,"orthographic":false}